variavel,tipo,descricao,uso_modelo
data,datetime64[ns],Data da observação agregada no nível município-dia.,feature/identificador conforme etapa de modelagem
id_municipio,int64,Código do município.,feature/identificador conforme etapa de modelagem
id_municipio_nome,object,Nome do município.,feature/identificador conforme etapa de modelagem
sigla_uf,object,Sigla da unidade federativa.,feature/identificador conforme etapa de modelagem
sigla_uf_nome,object,Nome da unidade federativa.,feature/identificador conforme etapa de modelagem
latitude,float64,Latitude média das estações meteorológicas usadas no município.,feature/identificador conforme etapa de modelagem
longitude,float64,Longitude média das estações meteorológicas usadas no município.,feature/identificador conforme etapa de modelagem
altitude,float64,Altitude média das estações meteorológicas usadas no município (m).,feature/identificador conforme etapa de modelagem
n_estacoes,int64,Número de estações meteorológicas que contribuíram para a observação município-dia.,feature/identificador conforme etapa de modelagem
mes,int64,Mês da observação.,feature/identificador conforme etapa de modelagem
dia_do_ano,int64,Dia do ano (1-365/366).,feature/identificador conforme etapa de modelagem
dia_semana,int64,"Dia da semana no padrão pandas (0=segunda-feira, 6=domingo).",feature/identificador conforme etapa de modelagem
precipitacao_diaria,float64,Precipitação diária agregada a partir das observações horárias das estações.,feature/identificador conforme etapa de modelagem
pressao_media,float64,Pressão atmosférica média diária.,feature/identificador conforme etapa de modelagem
radiacao_global_diaria,float64,Radiação global diária agregada.,feature/identificador conforme etapa de modelagem
temperatura_media,float64,Temperatura média diária do bulbo seco.,feature/identificador conforme etapa de modelagem
temperatura_maxima,float64,Temperatura máxima diária.,feature/identificador conforme etapa de modelagem
temperatura_minima,float64,Temperatura mínima diária.,feature/identificador conforme etapa de modelagem
umidade_media,float64,Umidade relativa média diária.,feature/identificador conforme etapa de modelagem
rajada_maxima,float64,Maior rajada de vento diária.,feature/identificador conforme etapa de modelagem
vento_medio,float64,Velocidade média diária do vento.,feature/identificador conforme etapa de modelagem
mb_area_class_0,float64,Área da classe MapBiomas de id 0 em 2021. A taxonomia textual das classes não foi fornecida nos arquivos de origem.,feature/identificador conforme etapa de modelagem
mb_area_class_3,float64,Área da classe MapBiomas de id 3 em 2021. A taxonomia textual das classes não foi fornecida nos arquivos de origem.,feature/identificador conforme etapa de modelagem
mb_area_class_4,float64,Área da classe MapBiomas de id 4 em 2021. A taxonomia textual das classes não foi fornecida nos arquivos de origem.,feature/identificador conforme etapa de modelagem
mb_area_class_5,float64,Área da classe MapBiomas de id 5 em 2021. A taxonomia textual das classes não foi fornecida nos arquivos de origem.,feature/identificador conforme etapa de modelagem
mb_area_class_9,float64,Área da classe MapBiomas de id 9 em 2021. A taxonomia textual das classes não foi fornecida nos arquivos de origem.,feature/identificador conforme etapa de modelagem
mb_area_class_11,float64,Área da classe MapBiomas de id 11 em 2021. A taxonomia textual das classes não foi fornecida nos arquivos de origem.,feature/identificador conforme etapa de modelagem
mb_area_class_12,float64,Área da classe MapBiomas de id 12 em 2021. A taxonomia textual das classes não foi fornecida nos arquivos de origem.,feature/identificador conforme etapa de modelagem
mb_area_class_13,float64,Área da classe MapBiomas de id 13 em 2021. A taxonomia textual das classes não foi fornecida nos arquivos de origem.,feature/identificador conforme etapa de modelagem
mb_area_class_15,float64,Área da classe MapBiomas de id 15 em 2021. A taxonomia textual das classes não foi fornecida nos arquivos de origem.,feature/identificador conforme etapa de modelagem
mb_area_class_20,float64,Área da classe MapBiomas de id 20 em 2021. A taxonomia textual das classes não foi fornecida nos arquivos de origem.,feature/identificador conforme etapa de modelagem
mb_area_class_21,float64,Área da classe MapBiomas de id 21 em 2021. A taxonomia textual das classes não foi fornecida nos arquivos de origem.,feature/identificador conforme etapa de modelagem
mb_area_class_23,float64,Área da classe MapBiomas de id 23 em 2021. A taxonomia textual das classes não foi fornecida nos arquivos de origem.,feature/identificador conforme etapa de modelagem
mb_area_class_24,float64,Área da classe MapBiomas de id 24 em 2021. A taxonomia textual das classes não foi fornecida nos arquivos de origem.,feature/identificador conforme etapa de modelagem
mb_area_class_25,float64,Área da classe MapBiomas de id 25 em 2021. A taxonomia textual das classes não foi fornecida nos arquivos de origem.,feature/identificador conforme etapa de modelagem
mb_area_class_29,float64,Área da classe MapBiomas de id 29 em 2021. A taxonomia textual das classes não foi fornecida nos arquivos de origem.,feature/identificador conforme etapa de modelagem
mb_area_class_30,float64,Área da classe MapBiomas de id 30 em 2021. A taxonomia textual das classes não foi fornecida nos arquivos de origem.,feature/identificador conforme etapa de modelagem
mb_area_class_31,float64,Área da classe MapBiomas de id 31 em 2021. A taxonomia textual das classes não foi fornecida nos arquivos de origem.,feature/identificador conforme etapa de modelagem
mb_area_class_32,float64,Área da classe MapBiomas de id 32 em 2021. A taxonomia textual das classes não foi fornecida nos arquivos de origem.,feature/identificador conforme etapa de modelagem
mb_area_class_33,float64,Área da classe MapBiomas de id 33 em 2021. A taxonomia textual das classes não foi fornecida nos arquivos de origem.,feature/identificador conforme etapa de modelagem
mb_area_class_39,float64,Área da classe MapBiomas de id 39 em 2021. A taxonomia textual das classes não foi fornecida nos arquivos de origem.,feature/identificador conforme etapa de modelagem
mb_area_class_40,float64,Área da classe MapBiomas de id 40 em 2021. A taxonomia textual das classes não foi fornecida nos arquivos de origem.,feature/identificador conforme etapa de modelagem
mb_area_class_41,float64,Área da classe MapBiomas de id 41 em 2021. A taxonomia textual das classes não foi fornecida nos arquivos de origem.,feature/identificador conforme etapa de modelagem
mb_area_class_46,float64,Área da classe MapBiomas de id 46 em 2021. A taxonomia textual das classes não foi fornecida nos arquivos de origem.,feature/identificador conforme etapa de modelagem
mb_area_class_47,float64,Área da classe MapBiomas de id 47 em 2021. A taxonomia textual das classes não foi fornecida nos arquivos de origem.,feature/identificador conforme etapa de modelagem
mb_area_class_48,float64,Área da classe MapBiomas de id 48 em 2021. A taxonomia textual das classes não foi fornecida nos arquivos de origem.,feature/identificador conforme etapa de modelagem
mb_area_class_49,float64,Área da classe MapBiomas de id 49 em 2021. A taxonomia textual das classes não foi fornecida nos arquivos de origem.,feature/identificador conforme etapa de modelagem
mb_area_class_50,float64,Área da classe MapBiomas de id 50 em 2021. A taxonomia textual das classes não foi fornecida nos arquivos de origem.,feature/identificador conforme etapa de modelagem
mb_area_class_62,float64,Área da classe MapBiomas de id 62 em 2021. A taxonomia textual das classes não foi fornecida nos arquivos de origem.,feature/identificador conforme etapa de modelagem
focos_queimada,int64,Quantidade de registros de focos de queimada no município e dia. Variável auxiliar de resultado; não usar como preditora de fire_occurrence.,não usar como feature (vazamento)
fire_occurrence,int64,Variável alvo: 1 se houve pelo menos um foco de queimada no município-dia; 0 caso contrário.,alvo
