id_estacao,id_municipio,id_municipio_nome,data,latitude,longitude,radiacao_global_diaria,radiacao_global_mj_m2_dia_original,radiacao_extraterrestre_mj_m2_dia,motivo
A054,1702000,Araguaçu,2025-01-10,-12.59222221,-49.5286111,44505.1,44.5051,40.238463733225885,radiação diária > 105% da radiação extraterrestre diária (FAO-56)
A054,1702000,Araguaçu,2025-01-12,-12.59222221,-49.5286111,58113.5,58.1135,40.23520099058782,radiação diária > 105% da radiação extraterrestre diária (FAO-56)
A054,1702000,Araguaçu,2025-01-13,-12.59222221,-49.5286111,67755.3,67.7553,40.232775064791625,radiação diária > 105% da radiação extraterrestre diária (FAO-56)
A054,1702000,Araguaçu,2025-01-14,-12.59222221,-49.5286111,73925.9,73.9259,40.22977464393983,radiação diária > 105% da radiação extraterrestre diária (FAO-56)
A054,1702000,Araguaçu,2025-01-15,-12.59222221,-49.5286111,87895.4,87.8954,40.226164910163355,radiação diária > 105% da radiação extraterrestre diária (FAO-56)
A054,1702000,Araguaçu,2025-01-17,-12.59222221,-49.5286111,42707.5,42.7075,40.2169737300895,radiação diária > 105% da radiação extraterrestre diária (FAO-56)
A054,1702000,Araguaçu,2025-01-20,-12.59222221,-49.5286111,44203.0,44.203,40.19769737606604,radiação diária > 105% da radiação extraterrestre diária (FAO-56)
A054,1702000,Araguaçu,2025-02-01,-12.59222221,-49.5286111,58814.9,58.8149,40.03437979267144,radiação diária > 105% da radiação extraterrestre diária (FAO-56)
A054,1702000,Araguaçu,2025-02-02,-12.59222221,-49.5286111,58014.7,58.0147,40.01311454330795,radiação diária > 105% da radiação extraterrestre diária (FAO-56)
A054,1702000,Araguaçu,2025-02-03,-12.59222221,-49.5286111,75437.3,75.43730000000001,39.99047869380056,radiação diária > 105% da radiação extraterrestre diária (FAO-56)
A054,1702000,Araguaçu,2025-02-04,-12.59222221,-49.5286111,76228.6,76.2286,39.96643184301422,radiação diária > 105% da radiação extraterrestre diária (FAO-56)
A054,1702000,Araguaçu,2025-02-05,-12.59222221,-49.5286111,53072.3,53.072300000000006,39.94093407910133,radiação diária > 105% da radiação extraterrestre diária (FAO-56)
A111,1302405,Lábrea,2025-01-14,-7.26055555,-64.7886111,0.0,0.0,38.683319112298776,radiação diária <= 0
A111,1302405,Lábrea,2025-01-16,-7.26055555,-64.7886111,0.0,0.0,38.71132607138356,radiação diária <= 0
A111,1302405,Lábrea,2025-01-31,-7.26055555,-64.7886111,0.0,0.0,38.89179489749177,radiação diária <= 0
A117,1301209,Coari,2025-01-04,-4.09749999,-63.14527777,0.0,0.0,37.420765837725476,radiação diária <= 0
A117,1301209,Coari,2025-01-08,-4.09749999,-63.14527777,0.0,0.0,37.496690989622394,radiação diária <= 0
A117,1301209,Coari,2025-02-02,-4.09749999,-63.14527777,0.0,0.0,38.105254732123804,radiação diária <= 0
A233,1506708,Santana do Araguaia,2025-01-01,-9.3386111,-50.35027777,0.0,0.0,39.22108713153361,radiação diária <= 0
A233,1506708,Santana do Araguaia,2025-01-02,-9.3386111,-50.35027777,0.0,0.0,39.228293555528055,radiação diária <= 0
A233,1506708,Santana do Araguaia,2025-01-03,-9.3386111,-50.35027777,0.0,0.0,39.23567586747861,radiação diária <= 0
A233,1506708,Santana do Araguaia,2025-01-04,-9.3386111,-50.35027777,0.0,0.0,39.24321058179857,radiação diária <= 0
A233,1506708,Santana do Araguaia,2025-01-05,-9.3386111,-50.35027777,0.0,0.0,39.25087263531225,radiação diária <= 0
A233,1506708,Santana do Araguaia,2025-01-06,-9.3386111,-50.35027777,0.0,0.0,39.25863542199437,radiação diária <= 0
A233,1506708,Santana do Araguaia,2025-01-07,-9.3386111,-50.35027777,0.0,0.0,39.26647083010016,radiação diária <= 0
A233,1506708,Santana do Araguaia,2025-01-08,-9.3386111,-50.35027777,0.0,0.0,39.27434928165204,radiação diária <= 0
A233,1506708,Santana do Araguaia,2025-01-09,-9.3386111,-50.35027777,0.0,0.0,39.282239774246435,radiação diária <= 0
A233,1506708,Santana do Araguaia,2025-01-10,-9.3386111,-50.35027777,0.0,0.0,39.290109925140754,radiação diária <= 0
A233,1506708,Santana do Araguaia,2025-01-11,-9.3386111,-50.35027777,0.0,0.0,39.2979260175778,radiação diária <= 0
A233,1506708,Santana do Araguaia,2025-01-12,-9.3386111,-50.35027777,0.0,0.0,39.30565304930176,radiação diária <= 0
A233,1506708,Santana do Araguaia,2025-01-13,-9.3386111,-50.35027777,0.0,0.0,39.31325478321636,radiação diária <= 0
A233,1506708,Santana do Araguaia,2025-01-14,-9.3386111,-50.35027777,0.0,0.0,39.32069380013326,radiação diária <= 0
A233,1506708,Santana do Araguaia,2025-01-15,-9.3386111,-50.35027777,0.0,0.0,39.327931553554855,radiação diária <= 0
A336,2200459,Alvorada do Gurguéia,2025-02-02,-8.44166666,-43.86555555,42905.8,42.905800000000006,39.17842257512699,radiação diária > 105% da radiação extraterrestre diária (FAO-56)
A667,3305505,Saquarema,2025-01-20,-22.8711111,-42.60888888,48456.9,48.456900000000005,42.10092337489843,radiação diária > 105% da radiação extraterrestre diária (FAO-56)
A667,3305505,Saquarema,2025-01-22,-22.8711111,-42.60888888,44590.4,44.5904,41.995129768311685,radiação diária > 105% da radiação extraterrestre diária (FAO-56)
A667,3305505,Saquarema,2025-01-28,-22.8711111,-42.60888888,43986.9,43.9869,41.62654998745765,radiação diária > 105% da radiação extraterrestre diária (FAO-56)
A667,3305505,Saquarema,2025-01-30,-22.8711111,-42.60888888,47421.6,47.4216,41.4860915000959,radiação diária > 105% da radiação extraterrestre diária (FAO-56)
A715,3550209,São Miguel Arcanjo,2025-01-05,-23.85194444,-48.16472222,46575.4,46.5754,42.81372930864698,radiação diária > 105% da radiação extraterrestre diária (FAO-56)
A715,3550209,São Miguel Arcanjo,2025-01-24,-23.85194444,-48.16472222,61460.5,61.4605,41.98467530877874,radiação diária > 105% da radiação extraterrestre diária (FAO-56)
A715,3550209,São Miguel Arcanjo,2025-01-25,-23.85194444,-48.16472222,54820.7,54.820699999999995,41.91957561050247,radiação diária > 105% da radiação extraterrestre diária (FAO-56)
A829,4318622,São José dos Ausentes,2025-01-21,-28.748615,-50.057869,53736.6,53.736599999999996,42.59659059593294,radiação diária > 105% da radiação extraterrestre diária (FAO-56)
A829,4318622,São José dos Ausentes,2025-02-02,-28.748615,-50.057869,50231.1,50.2311,41.44027348401662,radiação diária > 105% da radiação extraterrestre diária (FAO-56)
A915,5106307,Paranatinga,2025-01-06,-14.42138888,-54.0361111,51661.6,51.6616,40.74354020075329,radiação diária > 105% da radiação extraterrestre diária (FAO-56)
A930,5103858,Gaúcha do Norte,2025-01-03,-13.18472221,-53.2575,0.0,0.0,40.4071205771791,radiação diária <= 0
